"id","long","lat","order","group","size","type"
"0",5.30669424911522,66.3475223166981,1,"Atlantic_0.1",5,"Atlantic"
"0",5.30669424911522,66.3475223166981,2,"Atlantic_0.1",5,"Atlantic"
"0",6.44891783748917,66.7356751873073,3,"Atlantic_0.1",5,"Atlantic"
"0",9.08017274596659,67.5312117085603,4,"Atlantic_0.1",5,"Atlantic"
"0",10.6566242804986,68.2904933149091,5,"Atlantic_0.1",5,"Atlantic"
"0",13.5684870422793,69.0100996018161,6,"Atlantic_0.1",5,"Atlantic"
"0",14.396689633049,69.1919854491723,7,"Atlantic_0.1",5,"Atlantic"
"0",15.8162257853488,69.5968423594013,8,"Atlantic_0.1",5,"Atlantic"
"0",16.6083514838525,69.8999624602794,9,"Atlantic_0.1",5,"Atlantic"
"0",16.9384824876771,70.068404601487,10,"Atlantic_0.1",5,"Atlantic"
"0",17.1742098959236,70.3457408886691,11,"Atlantic_0.1",5,"Atlantic"
"0",17.1903497787775,70.6346421053823,12,"Atlantic_0.1",5,"Atlantic"
"0",17.1888027187594,70.7206945535302,13,"Atlantic_0.1",5,"Atlantic"
"0",17.1868550358428,70.828372075636,14,"Atlantic_0.1",5,"Atlantic"
"0",17.173660444262,70.8760286243488,15,"Atlantic_0.1",5,"Atlantic"
"0",17.1385837554393,70.9357012822352,16,"Atlantic_0.1",5,"Atlantic"
"0",17.0799811787656,70.985564128575,17,"Atlantic_0.1",5,"Atlantic"
"0",17.0160187942133,71.0693580455719,18,"Atlantic_0.1",5,"Atlantic"
"0",16.918843596575,71.1488711773273,19,"Atlantic_0.1",5,"Atlantic"
"0",16.7137640736222,71.3325566453985,20,"Atlantic_0.1",5,"Atlantic"
"0",16.5340478686068,71.5043729585698,21,"Atlantic_0.1",5,"Atlantic"
"0",16.4171356323365,71.6054285427185,22,"Atlantic_0.1",5,"Atlantic"
"0",16.26341139035,71.6795841845872,23,"Atlantic_0.1",5,"Atlantic"
"1",7.90590341637756,79.661672694483,1,"Atlantic_1.1",3,"Atlantic"
"1",7.92866080929101,79.6980171315645,2,"Atlantic_1.1",3,"Atlantic"
"1",8.08333160597381,79.8032413091857,3,"Atlantic_1.1",3,"Atlantic"
"1",8.19461898396775,79.9031922814738,4,"Atlantic_1.1",3,"Atlantic"
"1",8.39661998355066,79.9860680256125,5,"Atlantic_1.1",3,"Atlantic"
"1",8.73046873655121,80.0598422953905,6,"Atlantic_1.1",3,"Atlantic"
"1",8.95201004248728,80.1080286500089,7,"Atlantic_1.1",3,"Atlantic"
"1",9.39193835707994,80.1747024658632,8,"Atlantic_1.1",3,"Atlantic"
"1",10.0082535179438,80.2608846773943,9,"Atlantic_1.1",3,"Atlantic"
"1",10.9589587972226,80.3755306490618,10,"Atlantic_1.1",3,"Atlantic"
"1",11.6652988312007,80.4549861281372,11,"Atlantic_1.1",3,"Atlantic"
"1",12.3513206965434,80.5148426572436,12,"Atlantic_1.1",3,"Atlantic"
"1",13.0078322922257,80.5730890239365,13,"Atlantic_1.1",3,"Atlantic"
"1",13.7733986531492,80.664770814779,14,"Atlantic_1.1",3,"Atlantic"
"1",15.0514609561648,80.6930313164547,15,"Atlantic_1.1",3,"Atlantic"
"1",16.1243606837554,80.7217354817519,16,"Atlantic_1.1",3,"Atlantic"
"1",17.032676844902,80.8696176663645,17,"Atlantic_1.1",3,"Atlantic"
"1",17.6285157112683,81.0800552624129,18,"Atlantic_1.1",3,"Atlantic"
"1",18.6306912884782,81.2000955528027,19,"Atlantic_1.1",3,"Atlantic"
"1",19.6561940964467,81.2346737926661,20,"Atlantic_1.1",3,"Atlantic"
"1",20.4172293310947,81.2479767023584,21,"Atlantic_1.1",3,"Atlantic"
"1",21.0828023299732,81.2927134158174,22,"Atlantic_1.1",3,"Atlantic"
"1",22.361746292111,81.3918003273446,23,"Atlantic_1.1",3,"Atlantic"
"1",23.4141340071978,81.4657432234583,24,"Atlantic_1.1",3,"Atlantic"
"1",24.5588198536174,81.4686992384643,25,"Atlantic_1.1",3,"Atlantic"
"1",25.6525232306456,81.4627215794968,26,"Atlantic_1.1",3,"Atlantic"
"1",26.5207969462631,81.4474284170753,27,"Atlantic_1.1",3,"Atlantic"
"1",27.2873396041371,81.4398030105583,28,"Atlantic_1.1",3,"Atlantic"
"1",28.4807850910068,81.4959008743411,29,"Atlantic_1.1",3,"Atlantic"
"1",29.9107232035163,81.5259995180363,30,"Atlantic_1.1",3,"Atlantic"
"1",31.7232491504118,81.5726325360982,31,"Atlantic_1.1",3,"Atlantic"
"1",33.5143590099027,81.6114390930928,32,"Atlantic_1.1",3,"Atlantic"
"1",34.1104694272951,81.699159277176,33,"Atlantic_1.1",3,"Atlantic"
"1",34.7609227945067,81.7804042747176,34,"Atlantic_1.1",3,"Atlantic"
"1",35.5570714308641,81.8146718550197,35,"Atlantic_1.1",3,"Atlantic"
"1",35.9913154251659,81.8670585177725,36,"Atlantic_1.1",3,"Atlantic"
"1",37.4654760773374,82.0551548911023,37,"Atlantic_1.1",3,"Atlantic"
"1",38.6600686328577,82.0776487258845,38,"Atlantic_1.1",3,"Atlantic"
"1",39.6058035545439,82.1382821281136,39,"Atlantic_1.1",3,"Atlantic"
"1",40.8933286281971,82.155517457648,40,"Atlantic_1.1",3,"Atlantic"
"1",41.764713601539,82.1517880730054,41,"Atlantic_1.1",3,"Atlantic"
"1",42.4745075420906,82.198436943332,42,"Atlantic_1.1",3,"Atlantic"
"1",43.3071250842579,82.2280818372071,43,"Atlantic_1.1",3,"Atlantic"
"1",44.4247129581637,82.3190515305196,44,"Atlantic_1.1",3,"Atlantic"
"1",46.1948953129625,82.4697759654031,45,"Atlantic_1.1",3,"Atlantic"
"1",47.5784777417864,82.5937704466431,46,"Atlantic_1.1",3,"Atlantic"
"1",49.2402608473407,82.6979988386861,47,"Atlantic_1.1",3,"Atlantic"
"1",50.5313742928376,82.7398709229612,48,"Atlantic_1.1",3,"Atlantic"
"1",51.5386174251356,82.8039553212811,49,"Atlantic_1.1",3,"Atlantic"
"10",9.94537913604572,80.2545411880303,1,"Atlantic_10.1",1,"Atlantic"
"10",10.7754325830998,80.2604751266235,2,"Atlantic_10.1",1,"Atlantic"
"10",11.5512845208748,80.2341676151489,3,"Atlantic_10.1",1,"Atlantic"
"10",12.2051906828557,80.199876043617,4,"Atlantic_10.1",1,"Atlantic"
"10",12.9312681012617,80.1188354426432,5,"Atlantic_10.1",1,"Atlantic"
"10",13.5468351199933,80.030103485938,6,"Atlantic_10.1",1,"Atlantic"
"11",19.3039599262059,81.2229700576489,1,"Atlantic_11.1",1,"Atlantic"
"11",20.1043742333281,81.1415834486941,2,"Atlantic_11.1",1,"Atlantic"
"11",20.788393312796,81.0277544465415,3,"Atlantic_11.1",1,"Atlantic"
"11",21.303517501564,80.9039145723431,4,"Atlantic_11.1",1,"Atlantic"
"11",21.7245988074908,80.7807745328429,5,"Atlantic_11.1",1,"Atlantic"
"11",22.0550777642969,80.6934617093798,6,"Atlantic_11.1",1,"Atlantic"
"11",22.1918979809927,80.5923540124881,7,"Atlantic_11.1",1,"Atlantic"
"12",28.2614172830417,81.4836094340836,1,"Atlantic_12.1",2,"Atlantic"
"12",28.7158776945706,81.3941580069724,2,"Atlantic_12.1",2,"Atlantic"
"12",28.8427630890383,81.3161031597081,3,"Atlantic_12.1",2,"Atlantic"
"12",28.896339694413,81.1981662885985,4,"Atlantic_12.1",2,"Atlantic"
"12",29.0366106898148,81.0517365430722,5,"Atlantic_12.1",2,"Atlantic"
"12",29.0926272482506,80.8662688483935,6,"Atlantic_12.1",2,"Atlantic"
"12",29.1068783370661,80.6757427781305,7,"Atlantic_12.1",2,"Atlantic"
"13",38.8051097611638,82.0839015613201,1,"Atlantic_13.1",2,"Atlantic"
"13",39.5393996388827,81.9656100395184,2,"Atlantic_13.1",2,"Atlantic"
"13",40.2013200317871,81.857462573262,3,"Atlantic_13.1",2,"Atlantic"
"13",40.5803080751526,81.6899414961941,4,"Atlantic_13.1",2,"Atlantic"
"13",40.7884635412504,81.5766718073393,5,"Atlantic_13.1",2,"Atlantic"
"13",41.0397226653641,81.4192537383342,6,"Atlantic_13.1",2,"Atlantic"
"13",41.2786547616355,81.2341909653862,7,"Atlantic_13.1",2,"Atlantic"
"13",41.4664797517223,80.9711151468174,8,"Atlantic_13.1",2,"Atlantic"
"13",41.5224662037932,80.6745951178377,9,"Atlantic_13.1",2,"Atlantic"
"14",17.0507110121726,71.0870001611832,1,"Atlantic_14.1",3,"Atlantic"
"14",17.1306658575091,71.564579255538,2,"Atlantic_14.1",3,"Atlantic"
"14",17.3085454909672,71.6972087786743,3,"Atlantic_14.1",3,"Atlantic"
"14",17.6328831889872,71.7901877536712,4,"Atlantic_14.1",3,"Atlantic"
"14",18.3645056327957,71.9198194946014,5,"Atlantic_14.1",3,"Atlantic"
"14",19.0840986302106,71.9463043928299,6,"Atlantic_14.1",3,"Atlantic"
"14",19.7561456024769,71.9223361658023,7,"Atlantic_14.1",3,"Atlantic"
"14",20.4406051632621,71.849498255128,8,"Atlantic_14.1",3,"Atlantic"
"14",20.9780885949829,71.7642961013785,9,"Atlantic_14.1",3,"Atlantic"
"14",21.7486013825124,71.675142447365,10,"Atlantic_14.1",3,"Atlantic"
"14",22.4002935098503,71.7667093570918,11,"Atlantic_14.1",3,"Atlantic"
"14",23.2051280570423,71.8729867937241,12,"Atlantic_14.1",3,"Atlantic"
"14",24.1033626144389,71.9950957443829,13,"Atlantic_14.1",3,"Atlantic"
"14",25.372977459989,72.0124539480634,14,"Atlantic_14.1",3,"Atlantic"
"15",15.5997584925581,72.0400222427701,1,"Atlantic_15.1",3,"Atlantic"
"15",15.866368797298,72.39320739483,2,"Atlantic_15.1",3,"Atlantic"
"15",16.213197797843,72.589045609148,3,"Atlantic_15.1",3,"Atlantic"
"15",17.2069618293699,72.8623614599847,4,"Atlantic_15.1",3,"Atlantic"
"15",18.2522571389202,72.9231290835761,5,"Atlantic_15.1",3,"Atlantic"
"15",19.0562389597414,72.9259793882476,6,"Atlantic_15.1",3,"Atlantic"
"15",20.305312450052,72.8395589298242,7,"Atlantic_15.1",3,"Atlantic"
"15",21.3034757692597,72.787810684295,8,"Atlantic_15.1",3,"Atlantic"
"16",21.7916402828636,72.9916313714815,1,"Atlantic_16.1",3,"Atlantic"
"16",22.8486789425125,73.2316222956174,2,"Atlantic_16.1",3,"Atlantic"
"16",23.385382177941,73.3438290444963,3,"Atlantic_16.1",3,"Atlantic"
"16",24.5999514655872,73.558451535082,4,"Atlantic_16.1",3,"Atlantic"
"16",25.5355794215493,73.7056616863067,5,"Atlantic_16.1",3,"Atlantic"
"16",27.013477309768,74.1355517111538,6,"Atlantic_16.1",3,"Atlantic"
"16",28.1078231021277,74.4768659249562,7,"Atlantic_16.1",3,"Atlantic"
"16",29.3556603021826,74.8527713702207,8,"Atlantic_16.1",3,"Atlantic"
"16",30.5808940800945,75.1854559562985,9,"Atlantic_16.1",3,"Atlantic"
"16",31.3796881085366,75.4862911246258,10,"Atlantic_16.1",3,"Atlantic"
"16",32.2117754376845,75.7841733823145,11,"Atlantic_16.1",3,"Atlantic"
"16",33.1933147740675,76.0521187906435,12,"Atlantic_16.1",3,"Atlantic"
"16",34.523444189741,76.2482562251366,13,"Atlantic_16.1",3,"Atlantic"
"16",35.8330784570831,76.3014531404038,14,"Atlantic_16.1",3,"Atlantic"
"16",37.4839733408154,76.2669427875172,15,"Atlantic_16.1",3,"Atlantic"
"16",39.1920674268152,76.1583150271695,16,"Atlantic_16.1",3,"Atlantic"
"16",40.4533388016776,76.1606213778054,17,"Atlantic_16.1",3,"Atlantic"
"16",42.0115212674921,76.2232941051103,18,"Atlantic_16.1",3,"Atlantic"
"16",45.2432117052853,76.2039977679814,19,"Atlantic_16.1",3,"Atlantic"
"16",48.1531095050238,76.4266894972973,20,"Atlantic_16.1",3,"Atlantic"
"16",52.5693654443806,77.2525345889453,21,"Atlantic_16.1",3,"Atlantic"
"16",55.5358652851709,77.702489866783,22,"Atlantic_16.1",3,"Atlantic"
"16",59.1903592694893,77.8118240914682,23,"Atlantic_16.1",3,"Atlantic"
"16",62.1119804178652,77.8479846431,24,"Atlantic_16.1",3,"Atlantic"
"16",64.8932562117738,78.2449799064911,25,"Atlantic_16.1",3,"Atlantic"
"16",67.6629093126453,78.8673856596432,26,"Atlantic_16.1",3,"Atlantic"
"16",71.3426814447614,79.5680408536921,27,"Atlantic_16.1",3,"Atlantic"
"17",31.3796881085366,75.4862911246258,1,"Atlantic_17.1",2,"Atlantic"
"17",31.3719485471539,75.8563319559309,2,"Atlantic_17.1",2,"Atlantic"
"17",31.2034561941859,76.1538902626611,3,"Atlantic_17.1",2,"Atlantic"
"17",30.8531963753113,76.3675852304284,4,"Atlantic_17.1",2,"Atlantic"
"17",30.4327384460549,76.5073446106637,5,"Atlantic_17.1",2,"Atlantic"
"17",29.8735236452165,76.7134608591499,6,"Atlantic_17.1",2,"Atlantic"
"17",29.5839429163485,76.7778183509962,7,"Atlantic_17.1",2,"Atlantic"
"18",15.1280258915157,75.1959517750806,1,"Atlantic_18.1",2,"Atlantic"
"18",15.1994200129137,75.3253337860665,2,"Atlantic_18.1",2,"Atlantic"
"18",15.4851448246931,75.4066081027401,3,"Atlantic_18.1",2,"Atlantic"
"18",15.8057666083625,75.4704177497311,4,"Atlantic_18.1",2,"Atlantic"
"18",16.400493014239,75.5854566536735,5,"Atlantic_18.1",2,"Atlantic"
"18",17.2663176342163,75.7368889304683,6,"Atlantic_18.1",2,"Atlantic"
"18",18.2063490265232,75.8728714633403,7,"Atlantic_18.1",2,"Atlantic"
"18",19.0137801059312,75.9788463423475,8,"Atlantic_18.1",2,"Atlantic"
"18",19.8795352875772,76.1474573979224,9,"Atlantic_18.1",2,"Atlantic"
"18",20.2176357770443,76.2154776042502,10,"Atlantic_18.1",2,"Atlantic"
"19",20.5635725616665,76.2944638480024,1,"Atlantic_19.1",2,"Atlantic"
"19",20.9965737174158,76.4518016391127,2,"Atlantic_19.1",2,"Atlantic"
"19",21.0671332007402,76.6117825048093,3,"Atlantic_19.1",2,"Atlantic"
"19",20.7379636244471,76.7175595368768,4,"Atlantic_19.1",2,"Atlantic"
"19",20.0981344613848,76.817613594798,5,"Atlantic_19.1",2,"Atlantic"
"19",19.2028490272152,76.70132007435,6,"Atlantic_19.1",2,"Atlantic"
"19",18.8383440495054,76.56313381601,7,"Atlantic_19.1",2,"Atlantic"
"19",18.4050518365653,76.4139622089853,8,"Atlantic_19.1",2,"Atlantic"
"19",17.7556844202163,76.2263941332538,9,"Atlantic_19.1",2,"Atlantic"
"19",16.7302150534722,76.1322205563246,10,"Atlantic_19.1",2,"Atlantic"
"19",15.8217094774533,76.1714071187217,11,"Atlantic_19.1",2,"Atlantic"
"2",3.25360545541238,80.7564747562391,1,"Atlantic_2.1",2,"Atlantic"
"2",2.86478025311087,80.969188794306,2,"Atlantic_2.1",2,"Atlantic"
"2",2.53959230549156,81.1547128922316,3,"Atlantic_2.1",2,"Atlantic"
"2",2.3227670340297,81.3147012987894,4,"Atlantic_2.1",2,"Atlantic"
"2",2.20696145085439,81.4080173849893,5,"Atlantic_2.1",2,"Atlantic"
"2",2.15111691404155,81.5133060545963,6,"Atlantic_2.1",2,"Atlantic"
"2",2.28942554122293,81.5793520760773,7,"Atlantic_2.1",2,"Atlantic"
"2",2.57867434051204,81.6615591620659,8,"Atlantic_2.1",2,"Atlantic"
"2",2.93336966886432,81.7638109968451,9,"Atlantic_2.1",2,"Atlantic"
"2",3.39866699458019,81.8686798417407,10,"Atlantic_2.1",2,"Atlantic"
"2",4.17253876400857,81.9883652502198,11,"Atlantic_2.1",2,"Atlantic"
"2",5.5075039400962,82.1180724802676,12,"Atlantic_2.1",2,"Atlantic"
"2",7.1358569839867,82.2711189274142,13,"Atlantic_2.1",2,"Atlantic"
"2",9.6941216290381,82.4864458386832,14,"Atlantic_2.1",2,"Atlantic"
"2",11.4946337749646,82.5830810447289,15,"Atlantic_2.1",2,"Atlantic"
"2",13.1362988853949,82.6628925813957,16,"Atlantic_2.1",2,"Atlantic"
"2",15.7081485866278,82.7083257130449,17,"Atlantic_2.1",2,"Atlantic"
"2",17.4798029068137,82.7309108772035,18,"Atlantic_2.1",2,"Atlantic"
"2",20.4185879237372,82.7020719080263,19,"Atlantic_2.1",2,"Atlantic"
"2",22.6260170034774,82.6676685451384,20,"Atlantic_2.1",2,"Atlantic"
"20",22.1121735383277,72.9054952666011,1,"Atlantic_20.1",2,"Atlantic"
"20",22.8536628030898,72.9837104691602,2,"Atlantic_20.1",2,"Atlantic"
"20",23.4177657428256,73.0409517719006,3,"Atlantic_20.1",2,"Atlantic"
"20",24.4727588359274,73.1430881432865,4,"Atlantic_20.1",2,"Atlantic"
"20",25.829402591118,73.2648065123004,5,"Atlantic_20.1",2,"Atlantic"
"20",27.6628401154592,73.3001242983301,6,"Atlantic_20.1",2,"Atlantic"
"20",29.8679014510804,73.2453652265917,7,"Atlantic_20.1",2,"Atlantic"
"20",31.1356940433949,73.1955463867491,8,"Atlantic_20.1",2,"Atlantic"
"20",32.2723149451081,73.1187759595393,9,"Atlantic_20.1",2,"Atlantic"
"20",34.5924525446331,72.8565957065057,10,"Atlantic_20.1",2,"Atlantic"
"20",37.0905879129446,72.5899024133976,11,"Atlantic_20.1",2,"Atlantic"
"20",38.9505134868838,72.4812257547575,12,"Atlantic_20.1",2,"Atlantic"
"20",40.8019442618844,72.5422281335719,13,"Atlantic_20.1",2,"Atlantic"
"20",42.1443066177172,72.6894027417642,14,"Atlantic_20.1",2,"Atlantic"
"20",43.3297169936872,72.9480171251855,15,"Atlantic_20.1",2,"Atlantic"
"20",44.7127290582649,73.4401825061486,16,"Atlantic_20.1",2,"Atlantic"
"20",46.3936341530649,74.2029556176651,17,"Atlantic_20.1",2,"Atlantic"
"20",48.1830878902187,74.9985704650352,18,"Atlantic_20.1",2,"Atlantic"
"20",49.3495211294799,75.5476283872326,19,"Atlantic_20.1",2,"Atlantic"
"21",22.0738087581418,72.6639204377987,1,"Atlantic_21.1",3,"Atlantic"
"21",23.0254261335864,72.5352848907218,2,"Atlantic_21.1",3,"Atlantic"
"21",24.3755818030751,72.3830274811213,3,"Atlantic_21.1",3,"Atlantic"
"21",25.6985366493993,72.2803415657136,4,"Atlantic_21.1",3,"Atlantic"
"21",27.1598290044728,72.1710327588151,5,"Atlantic_21.1",3,"Atlantic"
"21",28.6692347859093,72.0639506547564,6,"Atlantic_21.1",3,"Atlantic"
"21",31.1897201219915,71.9431743409597,7,"Atlantic_21.1",3,"Atlantic"
"21",34.3413671328586,71.6974179290745,8,"Atlantic_21.1",3,"Atlantic"
"21",38.4955469990226,71.2666987845228,9,"Atlantic_21.1",3,"Atlantic"
"21",40.0565522096821,71.2435124595537,10,"Atlantic_21.1",3,"Atlantic"
"21",40.753236585892,71.3358495244073,11,"Atlantic_21.1",3,"Atlantic"
"21",41.3522798243025,71.5357382190809,12,"Atlantic_21.1",3,"Atlantic"
"21",42.6342626679163,71.9532151007476,13,"Atlantic_21.1",3,"Atlantic"
"21",43.7794159142998,72.1558904479547,14,"Atlantic_21.1",3,"Atlantic"
"21",45.2378640603685,72.3272364224596,15,"Atlantic_21.1",3,"Atlantic"
"21",46.6188220124971,72.5117479270416,16,"Atlantic_21.1",3,"Atlantic"
"21",47.6837930455849,72.7203228295149,17,"Atlantic_21.1",3,"Atlantic"
"21",48.574086222737,72.9563698558918,18,"Atlantic_21.1",3,"Atlantic"
"21",49.586259087439,73.3020989794691,19,"Atlantic_21.1",3,"Atlantic"
"21",50.9843751522606,73.8108434577528,20,"Atlantic_21.1",3,"Atlantic"
"21",52.0821780913968,74.2357890585396,21,"Atlantic_21.1",3,"Atlantic"
"21",53.3767689728028,74.7897048105368,22,"Atlantic_21.1",3,"Atlantic"
"21",54.2202668466073,75.2237017126317,23,"Atlantic_21.1",3,"Atlantic"
"21",56.1371693920623,75.7783329447828,24,"Atlantic_21.1",3,"Atlantic"
"21",58.0308022981522,76.2364411572922,25,"Atlantic_21.1",3,"Atlantic"
"21",60.4992840365471,76.6778973401364,26,"Atlantic_21.1",3,"Atlantic"
"21",62.2043341273047,77.0213461877751,27,"Atlantic_21.1",3,"Atlantic"
"22",40.6324990015945,71.3302825703289,1,"Atlantic_22.1",2,"Atlantic"
"22",42.8169387141184,71.5212033682446,2,"Atlantic_22.1",2,"Atlantic"
"22",44.2572555141206,71.3935506818361,3,"Atlantic_22.1",2,"Atlantic"
"22",45.4971026311528,71.1055198110743,4,"Atlantic_22.1",2,"Atlantic"
"22",46.8479658507603,70.9039612950341,5,"Atlantic_22.1",2,"Atlantic"
"23",28.2503400593162,73.762589333576,1,"Atlantic_23.1",2,"Atlantic"
"23",29.392125833685,73.7830772992975,2,"Atlantic_23.1",2,"Atlantic"
"23",30.6095428415356,73.8467962475396,3,"Atlantic_23.1",2,"Atlantic"
"23",31.4907186025354,73.8932167300758,4,"Atlantic_23.1",2,"Atlantic"
"23",32.7899040043927,74.0946384254651,5,"Atlantic_23.1",2,"Atlantic"
"23",33.3463972180664,74.1967665670973,6,"Atlantic_23.1",2,"Atlantic"
"23",33.9541785599312,74.224456982057,7,"Atlantic_23.1",2,"Atlantic"
"23",34.3496353198891,74.1989150654682,8,"Atlantic_23.1",2,"Atlantic"
"23",34.6636762922539,74.1532142990275,9,"Atlantic_23.1",2,"Atlantic"
"23",34.8171487808803,74.1116533118525,10,"Atlantic_23.1",2,"Atlantic"
"23",34.8990219890078,74.0552251655381,11,"Atlantic_23.1",2,"Atlantic"
"23",34.9099442931595,73.9762028842436,12,"Atlantic_23.1",2,"Atlantic"
"23",34.7994453162403,73.8558508329423,13,"Atlantic_23.1",2,"Atlantic"
"23",34.5318045425852,73.7106334879939,14,"Atlantic_23.1",2,"Atlantic"
"23",34.0274112624817,73.610709523095,15,"Atlantic_23.1",2,"Atlantic"
"23",33.1433364190731,73.5827369774056,16,"Atlantic_23.1",2,"Atlantic"
"24",65.018432736455,77.2705519022029,1,"Atlantic_24.1",2,"Atlantic"
"24",66.4218884532616,77.3570785522954,2,"Atlantic_24.1",2,"Atlantic"
"24",67.7461476534054,77.3516259468292,3,"Atlantic_24.1",2,"Atlantic"
"24",68.7791898215385,77.2972307647005,4,"Atlantic_24.1",2,"Atlantic"
"24",69.8212924513253,77.0884274323382,5,"Atlantic_24.1",2,"Atlantic"
"24",70.6605582599035,76.9339988199617,6,"Atlantic_24.1",2,"Atlantic"
"24",71.3147373876647,76.8904021401872,7,"Atlantic_24.1",2,"Atlantic"
"24",71.8894947086214,76.9645826813611,8,"Atlantic_24.1",2,"Atlantic"
"25",7.74533884822686,77.6948419691687,1,"Atlantic_25.1",2,"Atlantic"
"25",7.01177438793602,77.9062263010198,2,"Atlantic_25.1",2,"Atlantic"
"25",5.69123249148578,78.039442841725,3,"Atlantic_25.1",2,"Atlantic"
"25",3.71524105889717,78.1067861767634,4,"Atlantic_25.1",2,"Atlantic"
"25",1.87679537704559,77.9674581696548,5,"Atlantic_25.1",2,"Atlantic"
"25",0.414219253252595,77.6805789014284,6,"Atlantic_25.1",2,"Atlantic"
"25",-0.177056730167745,77.3511018631085,7,"Atlantic_25.1",2,"Atlantic"
"26",7.36614777112557,79.5886077709653,1,"Atlantic_26.1",3,"Atlantic"
"26",6.62300399335297,79.7556787943307,2,"Atlantic_26.1",3,"Atlantic"
"26",6.07911013456125,79.8370523105059,3,"Atlantic_26.1",3,"Atlantic"
"26",5.4759505735497,79.9887892558729,4,"Atlantic_26.1",3,"Atlantic"
"26",4.93987565320299,80.139043755599,5,"Atlantic_26.1",3,"Atlantic"
"26",4.48493540811094,80.2622543475231,6,"Atlantic_26.1",3,"Atlantic"
"26",4.18456629853651,80.2995536971473,7,"Atlantic_26.1",3,"Atlantic"
"26",3.77906693931922,80.380022541247,8,"Atlantic_26.1",3,"Atlantic"
"26",3.61517354797012,80.5180178520918,9,"Atlantic_26.1",3,"Atlantic"
"26",3.47072232635374,80.6508707499124,10,"Atlantic_26.1",3,"Atlantic"
"27",15.8175427112725,71.9088171470607,1,"Atlantic_27.1",4,"Atlantic"
"27",15.6002806667465,72.0561869787288,2,"Atlantic_27.1",4,"Atlantic"
"27",15.4267972497611,72.2147090197271,3,"Atlantic_27.1",4,"Atlantic"
"27",15.2882383047767,72.3730221474056,4,"Atlantic_27.1",4,"Atlantic"
"27",15.118230424048,72.482399994487,5,"Atlantic_27.1",4,"Atlantic"
"27",15.0229127507155,72.5600249547795,6,"Atlantic_27.1",4,"Atlantic"
"27",15.0230562715998,72.6721001032296,7,"Atlantic_27.1",4,"Atlantic"
"27",15.0525846104613,72.8761256615167,8,"Atlantic_27.1",4,"Atlantic"
"27",15.0038431136456,73.0083193310782,9,"Atlantic_27.1",4,"Atlantic"
"27",14.9840438329977,73.1663660596086,10,"Atlantic_27.1",4,"Atlantic"
"27",15.0238388104247,73.2583189798735,11,"Atlantic_27.1",4,"Atlantic"
"27",15.2354846644583,73.4248519018579,12,"Atlantic_27.1",4,"Atlantic"
"27",15.3076648218356,73.5195842908714,13,"Atlantic_27.1",4,"Atlantic"
"27",15.4843558930565,73.6801696308115,14,"Atlantic_27.1",4,"Atlantic"
"27",15.6223277366303,73.8177403427653,15,"Atlantic_27.1",4,"Atlantic"
"27",15.9812898236376,73.9629548207785,16,"Atlantic_27.1",4,"Atlantic"
"27",16.1199222328982,74.0140079398094,17,"Atlantic_27.1",4,"Atlantic"
"27",16.1780287394058,74.0970405140881,18,"Atlantic_27.1",4,"Atlantic"
"27",16.2398019284993,74.220273066607,19,"Atlantic_27.1",4,"Atlantic"
"27",16.3018294211028,74.3348686029649,20,"Atlantic_27.1",4,"Atlantic"
"27",16.25652476321,74.4357156043977,21,"Atlantic_27.1",4,"Atlantic"
"27",16.1777015994505,74.5281079912608,22,"Atlantic_27.1",4,"Atlantic"
"27",16.1512500519958,74.6087094406596,23,"Atlantic_27.1",4,"Atlantic"
"27",16.0034435338252,74.6668919641123,24,"Atlantic_27.1",4,"Atlantic"
"27",15.8101984868243,74.7107733778691,25,"Atlantic_27.1",4,"Atlantic"
"27",15.6617427788702,74.8060776331585,26,"Atlantic_27.1",4,"Atlantic"
"27",15.6418432830619,74.8549805748391,27,"Atlantic_27.1",4,"Atlantic"
"27",15.6883576600602,74.9123100155344,28,"Atlantic_27.1",4,"Atlantic"
"27",15.7672918250257,74.9465376744729,29,"Atlantic_27.1",4,"Atlantic"
"27",15.7472683658192,74.9897035061345,30,"Atlantic_27.1",4,"Atlantic"
"27",15.6179137139279,75.0820319473412,31,"Atlantic_27.1",4,"Atlantic"
"27",15.1167341817351,75.1891342850262,32,"Atlantic_27.1",4,"Atlantic"
"27",14.7108280667893,75.2665556066756,33,"Atlantic_27.1",4,"Atlantic"
"27",14.4363987298739,75.3579928308425,34,"Atlantic_27.1",4,"Atlantic"
"27",14.318352385899,75.4553660817392,35,"Atlantic_27.1",4,"Atlantic"
"27",14.1989045421861,75.5498056387124,36,"Atlantic_27.1",4,"Atlantic"
"27",14.0748377150357,75.6930162338276,37,"Atlantic_27.1",4,"Atlantic"
"27",14.0561682551429,75.8021261257194,38,"Atlantic_27.1",4,"Atlantic"
"27",14.2339196527613,75.9837612201239,39,"Atlantic_27.1",4,"Atlantic"
"27",14.3106820836194,76.1132754976342,40,"Atlantic_27.1",4,"Atlantic"
"27",14.4969151564195,76.2602442438671,41,"Atlantic_27.1",4,"Atlantic"
"27",14.652380382652,76.329457994585,42,"Atlantic_27.1",4,"Atlantic"
"27",14.6386661743284,76.3897672142331,43,"Atlantic_27.1",4,"Atlantic"
"27",14.4898007074359,76.4555832969344,44,"Atlantic_27.1",4,"Atlantic"
"27",13.9435563930529,76.542949684581,45,"Atlantic_27.1",4,"Atlantic"
"27",13.5629410656817,76.6416465381289,46,"Atlantic_27.1",4,"Atlantic"
"27",13.1627050801931,76.7511594635171,47,"Atlantic_27.1",4,"Atlantic"
"27",12.912348624538,76.8297269121806,48,"Atlantic_27.1",4,"Atlantic"
"27",12.4995165235013,76.9468094807527,49,"Atlantic_27.1",4,"Atlantic"
"27",11.9148723015305,77.0527084036069,50,"Atlantic_27.1",4,"Atlantic"
"27",11.7142526340818,77.1365744562231,51,"Atlantic_27.1",4,"Atlantic"
"27",11.4592144354396,77.2195968878457,52,"Atlantic_27.1",4,"Atlantic"
"27",11.3410809049243,77.3618846965643,53,"Atlantic_27.1",4,"Atlantic"
"27",11.2431992594337,77.4267265120297,54,"Atlantic_27.1",4,"Atlantic"
"27",10.977945842794,77.5553234168443,55,"Atlantic_27.1",4,"Atlantic"
"27",10.5606108169788,77.6784374380135,56,"Atlantic_27.1",4,"Atlantic"
"27",10.1845404028389,77.7787107890416,57,"Atlantic_27.1",4,"Atlantic"
"27",9.84801554700352,77.8677764457406,58,"Atlantic_27.1",4,"Atlantic"
"27",9.54475912291793,77.9946681005993,59,"Atlantic_27.1",4,"Atlantic"
"27",9.39582474575471,78.107132974807,60,"Atlantic_27.1",4,"Atlantic"
"27",9.31813715836342,78.2123421500388,61,"Atlantic_27.1",4,"Atlantic"
"27",9.5072563066387,78.3227684440237,62,"Atlantic_27.1",4,"Atlantic"
"27",9.56797433294668,78.4075618427787,63,"Atlantic_27.1",4,"Atlantic"
"27",9.40839336196527,78.5314661690851,64,"Atlantic_27.1",4,"Atlantic"
"27",9.3059658085914,78.6218261217623,65,"Atlantic_27.1",4,"Atlantic"
"27",9.08072021923632,78.7184201226438,66,"Atlantic_27.1",4,"Atlantic"
"27",8.79471721208863,78.7559079728976,67,"Atlantic_27.1",4,"Atlantic"
"27",8.65903429044779,78.8397116916401,68,"Atlantic_27.1",4,"Atlantic"
"27",8.49991431320169,78.9085454823215,69,"Atlantic_27.1",4,"Atlantic"
"27",8.66587253682142,79.0131686481315,70,"Atlantic_27.1",4,"Atlantic"
"27",8.59289320881157,79.0607555764878,71,"Atlantic_27.1",4,"Atlantic"
"27",8.43671536090834,79.1441394665787,72,"Atlantic_27.1",4,"Atlantic"
"27",8.21176532041087,79.2346704159934,73,"Atlantic_27.1",4,"Atlantic"
"27",7.98726079607687,79.3424818166255,74,"Atlantic_27.1",4,"Atlantic"
"27",7.9278828526577,79.4799953452299,75,"Atlantic_27.1",4,"Atlantic"
"28",-1.76786698410481,72.0583101519399,1,"Atlantic_28.1",3,"Atlantic"
"28",0.0310236943356626,72.3496455257544,2,"Atlantic_28.1",3,"Atlantic"
"28",1.72978505560503,72.6256284792156,3,"Atlantic_28.1",3,"Atlantic"
"28",3.3897214139271,72.9051819914178,4,"Atlantic_28.1",3,"Atlantic"
"28",5.61543526906117,73.3346462223711,5,"Atlantic_28.1",3,"Atlantic"
"28",7.0941323331644,73.7207728776301,6,"Atlantic_28.1",3,"Atlantic"
"28",7.82763848479402,74.2212704779191,7,"Atlantic_28.1",3,"Atlantic"
"28",7.33031088976673,74.8181390826712,8,"Atlantic_28.1",3,"Atlantic"
"28",6.85283973433549,75.5549710854871,9,"Atlantic_28.1",3,"Atlantic"
"28",7.15808584329529,76.0693626920224,10,"Atlantic_28.1",3,"Atlantic"
"28",7.33406712021121,76.630952913352,11,"Atlantic_28.1",3,"Atlantic"
"28",7.93355069363196,77.2557792623349,12,"Atlantic_28.1",3,"Atlantic"
"28",8.02302096665402,77.4779358018919,13,"Atlantic_28.1",3,"Atlantic"
"29",8.0990198022886,77.7054312940704,1,"Atlantic_29.1",2,"Atlantic"
"29",8.10954803014643,77.9312306319594,2,"Atlantic_29.1",2,"Atlantic"
"29",8.19540552256169,78.12414570115,3,"Atlantic_29.1",2,"Atlantic"
"29",8.30243056800924,78.3348091478472,4,"Atlantic_29.1",2,"Atlantic"
"29",7.97230751367894,78.5525364117402,5,"Atlantic_29.1",2,"Atlantic"
"29",7.54471983272539,78.8082871447543,6,"Atlantic_29.1",2,"Atlantic"
"29",7.61800445637244,79.1067866785352,7,"Atlantic_29.1",2,"Atlantic"
"29",7.06916682937262,79.3988159722332,8,"Atlantic_29.1",2,"Atlantic"
"3",9.48586851767868,78.0910225748491,1,"Atlantic_3.1",2,"Atlantic"
"3",9.53848242273028,78.1143037555504,2,"Atlantic_3.1",2,"Atlantic"
"3",9.65847141152778,78.1350873763536,3,"Atlantic_3.1",2,"Atlantic"
"3",9.83397766179029,78.1421939424353,4,"Atlantic_3.1",2,"Atlantic"
"3",10.0255532829321,78.1460839036368,5,"Atlantic_3.1",2,"Atlantic"
"3",10.302457636497,78.1423062600058,6,"Atlantic_3.1",2,"Atlantic"
"3",10.5491944563556,78.1302113665699,7,"Atlantic_3.1",2,"Atlantic"
"3",10.8258587124808,78.1156313265727,8,"Atlantic_3.1",2,"Atlantic"
"3",11.3019205829045,78.100960721894,9,"Atlantic_3.1",2,"Atlantic"
"3",11.6506709088201,78.098773047596,10,"Atlantic_3.1",2,"Atlantic"
"3",12.0482633591652,78.1007047555121,11,"Atlantic_3.1",2,"Atlantic"
"3",12.4512499392159,78.1007986722408,12,"Atlantic_3.1",2,"Atlantic"
"3",12.8320499878123,78.1103828170499,13,"Atlantic_3.1",2,"Atlantic"
"3",13.2690207587073,78.128968033552,14,"Atlantic_3.1",2,"Atlantic"
"30",45.3756093849613,82.4035566880799,1,"Atlantic_30.1",1,"Atlantic"
"30",46.5313886681436,82.4027028483735,2,"Atlantic_30.1",1,"Atlantic"
"30",47.8068720958323,82.3546137509599,3,"Atlantic_30.1",1,"Atlantic"
"30",49.1880301789785,82.2400320175743,4,"Atlantic_30.1",1,"Atlantic"
"30",49.9813014709626,82.1038125223953,5,"Atlantic_30.1",1,"Atlantic"
"30",50.3177374933653,81.9106669323752,6,"Atlantic_30.1",1,"Atlantic"
"30",50.528905779617,81.6899626483322,7,"Atlantic_30.1",1,"Atlantic"
"4",8.7911259650726,78.7812123156174,1,"Atlantic_4.1",2,"Atlantic"
"4",8.97742617737029,78.8352293445068,2,"Atlantic_4.1",2,"Atlantic"
"4",9.18684882228225,78.8952070575317,3,"Atlantic_4.1",2,"Atlantic"
"4",9.51767506103051,78.9266191206622,4,"Atlantic_4.1",2,"Atlantic"
"4",9.86708529834389,78.9417431483609,5,"Atlantic_4.1",2,"Atlantic"
"4",10.2991792218972,78.9631404690701,6,"Atlantic_4.1",2,"Atlantic"
"4",10.7696877091691,78.9862352365073,7,"Atlantic_4.1",2,"Atlantic"
"5",11.8850011528462,77.1035360037593,1,"Atlantic_5.1",2,"Atlantic"
"5",12.0259792212783,77.2191534677998,2,"Atlantic_5.1",2,"Atlantic"
"5",12.2173406771676,77.3224626551946,3,"Atlantic_5.1",2,"Atlantic"
"5",12.4572254945395,77.4152702234086,4,"Atlantic_5.1",2,"Atlantic"
"5",12.7542344670508,77.4867236303482,5,"Atlantic_5.1",2,"Atlantic"
"5",13.2991936887173,77.5540916848666,6,"Atlantic_5.1",2,"Atlantic"
"6",13.9522898292811,76.5469072337336,1,"Atlantic_6.1",2,"Atlantic"
"6",14.2657020936553,76.6360737139014,2,"Atlantic_6.1",2,"Atlantic"
"6",14.568002487423,76.6664314143443,3,"Atlantic_6.1",2,"Atlantic"
"6",14.7893909933561,76.7125558448524,4,"Atlantic_6.1",2,"Atlantic"
"6",15.006426251075,76.8016360259365,5,"Atlantic_6.1",2,"Atlantic"
"7",3.58246683724194,80.7580443886171,1,"Atlantic_7.1",3,"Atlantic"
"7",3.73079520907442,80.8154193172739,2,"Atlantic_7.1",3,"Atlantic"
"7",4.00948816492184,80.8883585212686,3,"Atlantic_7.1",3,"Atlantic"
"7",4.6013662989506,80.9349975767135,4,"Atlantic_7.1",3,"Atlantic"
"7",5.53549062029247,80.9080444011398,5,"Atlantic_7.1",3,"Atlantic"
"7",7.14807052365775,80.7637369203272,6,"Atlantic_7.1",3,"Atlantic"
"7",7.95099129623716,80.6328365274182,7,"Atlantic_7.1",3,"Atlantic"
"7",9.24952402508179,80.5407768920191,8,"Atlantic_7.1",3,"Atlantic"
"7",10.3238752644445,80.496157558199,9,"Atlantic_7.1",3,"Atlantic"
"8",6.65302025634546,79.7488363280103,1,"Atlantic_8.1",3,"Atlantic"
"8",5.46564775491425,79.8324552208499,2,"Atlantic_8.1",3,"Atlantic"
"8",4.18097122058583,79.8916069161692,3,"Atlantic_8.1",3,"Atlantic"
"8",1.87110153640837,79.8183691994992,4,"Atlantic_8.1",3,"Atlantic"
"8",0.022206734714057,79.690048977921,5,"Atlantic_8.1",3,"Atlantic"
"8",-1.47366376003895,79.4841743112701,6,"Atlantic_8.1",3,"Atlantic"
"8",-2.8844199126519,79.1228514399124,7,"Atlantic_8.1",3,"Atlantic"
"8",-3.36248353056562,78.6596334138429,8,"Atlantic_8.1",3,"Atlantic"
"8",-3.39505524932461,77.9943248545002,9,"Atlantic_8.1",3,"Atlantic"
"9",15.2196151629387,80.6764947980649,1,"Atlantic_9.1",2,"Atlantic"
"9",15.6387222310344,80.5840866027154,2,"Atlantic_9.1",2,"Atlantic"
"9",16.2276688176917,80.3872046703306,3,"Atlantic_9.1",2,"Atlantic"
"9",17.2667977071685,80.0485890405722,4,"Atlantic_9.1",2,"Atlantic"
"9",17.6387902264233,79.9452553763738,5,"Atlantic_9.1",2,"Atlantic"
"0",-10.9416062395105,83.5553293804718,1,"Arctic_0.1",4,"Arctic"
"0",-10.4738580539564,83.0970127258309,2,"Arctic_0.1",4,"Arctic"
"0",-9.57634485896863,82.4425579607062,3,"Arctic_0.1",4,"Arctic"
"0",-7.95001268865441,81.4906231095305,4,"Arctic_0.1",4,"Arctic"
"0",-6.82086682795476,80.8985604641983,5,"Arctic_0.1",4,"Arctic"
"0",-6.03556352501401,80.4077711785522,6,"Arctic_0.1",4,"Arctic"
"0",-5.73834800911625,79.9926825855878,7,"Arctic_0.1",4,"Arctic"
"0",-5.49817098646964,79.5378386448617,8,"Arctic_0.1",4,"Arctic"
"0",-5.4034264621376,79.1391042424873,9,"Arctic_0.1",4,"Arctic"
"0",-5.24429174685847,78.702764156564,10,"Arctic_0.1",4,"Arctic"
"0",-5.13201135096505,78.4050001618595,11,"Arctic_0.1",4,"Arctic"
"0",-5.18309610184793,78.0453248938657,12,"Arctic_0.1",4,"Arctic"
"0",-5.30840132106822,77.6586531980761,13,"Arctic_0.1",4,"Arctic"
"0",-5.7825880753302,77.241553546834,14,"Arctic_0.1",4,"Arctic"
"0",-6.47946355107192,76.8976901449005,15,"Arctic_0.1",4,"Arctic"
"0",-7.33808178591186,76.6104990110957,16,"Arctic_0.1",4,"Arctic"
"1",32.5739012602961,83.8339306305551,1,"Arctic_1.1",2,"Arctic"
"1",26.7602329225959,83.7423686125062,2,"Arctic_1.1",2,"Arctic"
"1",20.9035140208098,83.470839073533,3,"Arctic_1.1",2,"Arctic"
"1",16.0062740826084,83.216984422652,4,"Arctic_1.1",2,"Arctic"
"1",12.2168958388837,82.9685991734121,5,"Arctic_1.1",2,"Arctic"
"1",8.14498842498802,82.7012022603385,6,"Arctic_1.1",2,"Arctic"
"1",4.46018647146663,82.3086822003896,7,"Arctic_1.1",2,"Arctic"
"1",1.97942356751369,81.9393919980115,8,"Arctic_1.1",2,"Arctic"
"1",0.108293556067582,81.5422108420749,9,"Arctic_1.1",2,"Arctic"
"1",-1.10386059185215,81.0814009596076,10,"Arctic_1.1",2,"Arctic"
"1",-1.62851300482713,80.7287532011435,11,"Arctic_1.1",2,"Arctic"
"1",-1.92827551730213,80.5106950104706,12,"Arctic_1.1",2,"Arctic"
"10",20.216532653021,77.9945192716788,1,"Arctic_10.1",2,"Arctic"
"10",19.7084930320955,77.7557036532836,2,"Arctic_10.1",2,"Arctic"
"10",19.4661711645586,77.5350620588082,3,"Arctic_10.1",2,"Arctic"
"10",19.2907287385651,77.175036136286,4,"Arctic_10.1",2,"Arctic"
"10",18.7934493426812,76.981164080238,5,"Arctic_10.1",2,"Arctic"
"10",18.4684538595373,76.8130501824299,6,"Arctic_10.1",2,"Arctic"
"10",18.2147462554634,76.7012729859491,7,"Arctic_10.1",2,"Arctic"
"10",17.8590680585124,76.555952355623,8,"Arctic_10.1",2,"Arctic"
"11",17.5213345138968,76.4675355574627,1,"Arctic_11.1",2,"Arctic"
"11",17.045915329462,76.4086137830578,2,"Arctic_11.1",2,"Arctic"
"11",16.5540693819157,76.3834085040076,3,"Arctic_11.1",2,"Arctic"
"11",15.8750410151564,76.4499099956923,4,"Arctic_11.1",2,"Arctic"
"11",15.2904707935816,76.6293744079087,5,"Arctic_11.1",2,"Arctic"
"11",15.1170635477606,76.6812214882167,6,"Arctic_11.1",2,"Arctic"
"12",14.5383834520974,76.835959090207,1,"Arctic_12.1",2,"Arctic"
"12",13.8677645330003,77.0120230643176,2,"Arctic_12.1",2,"Arctic"
"12",13.3048183972766,77.2158860990017,3,"Arctic_12.1",2,"Arctic"
"12",13.0837512815334,77.3063493586379,4,"Arctic_12.1",2,"Arctic"
"12",12.9168384942537,77.368332930083,5,"Arctic_12.1",2,"Arctic"
"13",12.6918454174002,77.5964600718043,1,"Arctic_13.1",2,"Arctic"
"13",12.2655895879902,77.8340563014553,2,"Arctic_13.1",2,"Arctic"
"13",12.1367547778634,77.919028849685,3,"Arctic_13.1",2,"Arctic"
"14",12.6295747428873,78.2111012574887,1,"Arctic_14.1",2,"Arctic"
"14",12.4018123772377,78.3528762173037,2,"Arctic_14.1",2,"Arctic"
"14",12.1237337723368,78.4422667672006,3,"Arctic_14.1",2,"Arctic"
"14",11.6808134917596,78.5871491536939,4,"Arctic_14.1",2,"Arctic"
"15",13.304540324175,77.4170410048963,1,"Arctic_15.1",2,"Arctic"
"15",13.6064026916525,77.5509421698848,2,"Arctic_15.1",2,"Arctic"
"15",14.106448339652,77.6392274876855,3,"Arctic_15.1",2,"Arctic"
"16",12.7171857523035,77.7518976834846,1,"Arctic_16.1",2,"Arctic"
"16",12.8051244527446,77.8675844592443,2,"Arctic_16.1",2,"Arctic"
"16",12.9586729910178,78.0031141107044,3,"Arctic_16.1",2,"Arctic"
"16",13.0842561606836,78.0472152318929,4,"Arctic_16.1",2,"Arctic"
"16",13.3262347096422,78.0816859599723,5,"Arctic_16.1",2,"Arctic"
"17",10.8389948970495,78.2597467625302,1,"Arctic_17.1",2,"Arctic"
"17",10.4680613581603,78.4903354780963,2,"Arctic_17.1",2,"Arctic"
"17",10.191615399862,78.6703416401103,3,"Arctic_17.1",2,"Arctic"
"17",9.9757004562926,78.8281810956115,4,"Arctic_17.1",2,"Arctic"
"18",9.64975928309154,79.0763320721736,1,"Arctic_18.1",2,"Arctic"
"18",9.55370261577693,79.2707724395356,2,"Arctic_18.1",2,"Arctic"
"18",9.55667441191028,79.4496474835403,3,"Arctic_18.1",2,"Arctic"
"18",9.72425542153848,79.5562838481647,4,"Arctic_18.1",2,"Arctic"
"18",10.0784513248034,79.6829618801021,5,"Arctic_18.1",2,"Arctic"
"18",10.5359207158174,79.8163085294007,6,"Arctic_18.1",2,"Arctic"
"18",10.6942500976608,79.9048111842735,7,"Arctic_18.1",2,"Arctic"
"19",9.61899644628576,79.0224407668285,1,"Arctic_19.1",2,"Arctic"
"19",10.5523484290859,79.0626392573753,2,"Arctic_19.1",2,"Arctic"
"19",11.3625144350687,79.0438085187784,3,"Arctic_19.1",2,"Arctic"
"2",46.9059460980168,83.0419986757018,1,"Arctic_2.1",2,"Arctic"
"2",43.149488542574,82.8115593309022,2,"Arctic_2.1",2,"Arctic"
"2",38.8315082145667,82.7428176350271,3,"Arctic_2.1",2,"Arctic"
"2",33.5962682636477,82.3883978104663,4,"Arctic_2.1",2,"Arctic"
"2",30.5983453760398,82.1691232761541,5,"Arctic_2.1",2,"Arctic"
"2",26.7388972358746,82.0252549940818,6,"Arctic_2.1",2,"Arctic"
"2",23.0988014739635,81.874527387059,7,"Arctic_2.1",2,"Arctic"
"2",18.9087463334229,81.8266266151967,8,"Arctic_2.1",2,"Arctic"
"2",16.2506473445962,81.6309116266067,9,"Arctic_2.1",2,"Arctic"
"2",12.8964387863931,81.1560387664108,10,"Arctic_2.1",2,"Arctic"
"2",10.7841637435788,81.0346498401541,11,"Arctic_2.1",2,"Arctic"
"20",14.9547131729107,80.4783974797762,1,"Arctic_20.1",2,"Arctic"
"20",14.8524155522283,80.3577477396261,2,"Arctic_20.1",2,"Arctic"
"20",14.8553168224381,80.1624549971317,3,"Arctic_20.1",2,"Arctic"
"20",15.1871146042293,79.9326733399012,4,"Arctic_20.1",2,"Arctic"
"21",27.6291697025094,76.4981567739869,1,"Arctic_21.1",2,"Arctic"
"21",26.8579022710074,76.1905560189504,2,"Arctic_21.1",2,"Arctic"
"21",26.231033244393,75.8695249285382,3,"Arctic_21.1",2,"Arctic"
"21",25.0587678908342,75.4265303084049,4,"Arctic_21.1",2,"Arctic"
"21",24.0830662424192,75.0047010251343,5,"Arctic_21.1",2,"Arctic"
"21",23.1350789730672,74.6985439989282,6,"Arctic_21.1",2,"Arctic"
"21",21.7495744830788,74.4353001371866,7,"Arctic_21.1",2,"Arctic"
"21",20.4951878463093,74.2912189355172,8,"Arctic_21.1",2,"Arctic"
"21",19.5405979869194,74.1517268415927,9,"Arctic_21.1",2,"Arctic"
"21",18.4810929642341,74.1251979418775,10,"Arctic_21.1",2,"Arctic"
"21",17.8369538204875,74.1690694114529,11,"Arctic_21.1",2,"Arctic"
"22",17.6896210018524,74.2974794754119,1,"Arctic_22.1",2,"Arctic"
"22",17.4793822691855,74.4494810383439,2,"Arctic_22.1",2,"Arctic"
"22",18.0094260080959,74.6442761262056,3,"Arctic_22.1",2,"Arctic"
"22",18.7323390300397,74.9442609101337,4,"Arctic_22.1",2,"Arctic"
"22",19.2078615336552,75.0626879070729,5,"Arctic_22.1",2,"Arctic"
"22",20.2749546775862,75.3693559775895,6,"Arctic_22.1",2,"Arctic"
"22",21.1655747668218,75.5900839718222,7,"Arctic_22.1",2,"Arctic"
"23",26.4505009827898,76.736480800309,1,"Arctic_23.1",2,"Arctic"
"23",25.9157763396106,76.5498355125203,2,"Arctic_23.1",2,"Arctic"
"23",25.4822193979329,76.4108866794167,3,"Arctic_23.1",2,"Arctic"
"23",24.8112556362706,76.3393324651056,4,"Arctic_23.1",2,"Arctic"
"23",24.3313341891221,76.357899474807,5,"Arctic_23.1",2,"Arctic"
"24",65.3063845665856,78.5890263889153,1,"Arctic_24.1",2,"Arctic"
"24",60.448741307909,78.5594224610046,2,"Arctic_24.1",2,"Arctic"
"24",53.0977433929745,78.348211310384,3,"Arctic_24.1",2,"Arctic"
"24",48.3883339646683,77.7239008831895,4,"Arctic_24.1",2,"Arctic"
"24",46.7538577046766,77.3854526211942,5,"Arctic_24.1",2,"Arctic"
"24",45.3760758226018,77.0351002777797,6,"Arctic_24.1",2,"Arctic"
"25",51.4765387417114,70.9457286312959,1,"Arctic_25.1",2,"Arctic"
"25",50.6239255450946,71.3412682614372,2,"Arctic_25.1",2,"Arctic"
"25",50.3866818552932,71.8150837935479,3,"Arctic_25.1",2,"Arctic"
"25",50.8950807382852,72.654252669277,4,"Arctic_25.1",2,"Arctic"
"25",51.8319486046237,73.2219986948237,5,"Arctic_25.1",2,"Arctic"
"25",52.9944246459594,73.8437517162034,6,"Arctic_25.1",2,"Arctic"
"25",53.7301114854497,74.259103971387,7,"Arctic_25.1",2,"Arctic"
"26",14.8294608421403,76.8765323017103,1,"Arctic_26.1",2,"Arctic"
"26",14.9748286628311,76.9185993247642,2,"Arctic_26.1",2,"Arctic"
"26",15.085513398604,76.9382804677438,3,"Arctic_26.1",2,"Arctic"
"26",15.2403463195563,76.955474560712,4,"Arctic_26.1",2,"Arctic"
"26",15.3597753030098,76.9610823033996,5,"Arctic_26.1",2,"Arctic"
"26",15.48094836115,76.9680685765294,6,"Arctic_26.1",2,"Arctic"
"27",29.388563087711,81.9999087674653,1,"Arctic_27.1",2,"Arctic"
"27",28.352638867748,81.9083116182688,2,"Arctic_27.1",2,"Arctic"
"27",26.915988173889,81.6305106515586,3,"Arctic_27.1",2,"Arctic"
"27",26.4382883977467,81.5100547187776,4,"Arctic_27.1",2,"Arctic"
"28",35.8662731880167,82.2565934979803,1,"Arctic_28.1",2,"Arctic"
"28",34.4105672901622,82.1497995223815,2,"Arctic_28.1",2,"Arctic"
"28",32.8168500358657,81.9797275996732,3,"Arctic_28.1",2,"Arctic"
"28",31.5439928039301,81.6675495006084,4,"Arctic_28.1",2,"Arctic"
"28",31.2867259383063,81.5903005327786,5,"Arctic_28.1",2,"Arctic"
"29",42.9389137738609,82.5829583903525,1,"Arctic_29.1",2,"Arctic"
"29",41.5401841603003,82.5338262078308,2,"Arctic_29.1",2,"Arctic"
"29",40.2587104937562,82.4537335993652,3,"Arctic_29.1",2,"Arctic"
"29",39.3931476875459,82.3170724017673,4,"Arctic_29.1",2,"Arctic"
"29",38.6368440827281,82.1350002862145,5,"Arctic_29.1",2,"Arctic"
"3",38.3582749712672,81.8344834064663,1,"Arctic_3.1",2,"Arctic"
"3",39.0592779696142,81.1628159995776,2,"Arctic_3.1",2,"Arctic"
"3",39.172823206697,80.622206228121,3,"Arctic_3.1",2,"Arctic"
"3",38.4223263341874,80.3075540109456,4,"Arctic_3.1",2,"Arctic"
"30",22.3066055298041,81.7683104717017,1,"Arctic_30.1",2,"Arctic"
"30",21.3211186813141,81.6679954717475,2,"Arctic_30.1",2,"Arctic"
"30",20.243241780552,81.4255777474944,3,"Arctic_30.1",2,"Arctic"
"30",19.9062141770735,81.3089511352841,4,"Arctic_30.1",2,"Arctic"
"31",74.4733604486052,78.4439903210299,1,"Arctic_31.1",2,"Arctic"
"31",71.4920569637301,78.5344739645681,2,"Arctic_31.1",2,"Arctic"
"31",67.2704123013916,78.5391179319294,3,"Arctic_31.1",2,"Arctic"
"32",39.9604219884592,75.416981304133,1,"Arctic_32.1",2,"Arctic"
"32",40.6580629368904,75.1726266440196,2,"Arctic_32.1",2,"Arctic"
"32",40.9050484654632,74.8908130812289,3,"Arctic_32.1",2,"Arctic"
"32",40.5610335123622,74.6558294710214,4,"Arctic_32.1",2,"Arctic"
"32",39.8523832660759,74.4468475286378,5,"Arctic_32.1",2,"Arctic"
"32",39.0526762463301,74.3975641875006,6,"Arctic_32.1",2,"Arctic"
"32",37.7608853779332,74.5172348215913,7,"Arctic_32.1",2,"Arctic"
"32",36.8598352419157,74.6734521614777,8,"Arctic_32.1",2,"Arctic"
"33",35.6418549943706,74.8120962097263,1,"Arctic_33.1",2,"Arctic"
"33",35.0297759811948,74.9603939486298,2,"Arctic_33.1",2,"Arctic"
"33",34.5827477158627,75.1338831569191,3,"Arctic_33.1",2,"Arctic"
"33",34.340305138816,75.3425602603733,4,"Arctic_33.1",2,"Arctic"
"33",34.732609952966,75.6114570970182,5,"Arctic_33.1",2,"Arctic"
"33",35.4090863494794,75.8256546460561,6,"Arctic_33.1",2,"Arctic"
"33",36.1612122240743,75.861618351104,7,"Arctic_33.1",2,"Arctic"
"33",37.5562683889527,75.7777548018574,8,"Arctic_33.1",2,"Arctic"
"33",38.8518671772769,75.5951044550975,9,"Arctic_33.1",2,"Arctic"
"4",30.9209683288515,81.3532670526604,1,"Arctic_4.1",2,"Arctic"
"4",30.4238128131292,80.7301017310553,2,"Arctic_4.1",2,"Arctic"
"4",29.6981550299979,80.3935722741265,3,"Arctic_4.1",2,"Arctic"
"4",29.4742217141275,80.1070779726947,4,"Arctic_4.1",2,"Arctic"
"4",28.8871223026215,79.7659519694286,5,"Arctic_4.1",2,"Arctic"
"4",28.7396270960386,79.583408129055,6,"Arctic_4.1",2,"Arctic"
"5",25.8094322939628,81.3436823877854,1,"Arctic_5.1",2,"Arctic"
"5",24.030466809373,80.984454284891,2,"Arctic_5.1",2,"Arctic"
"5",23.1496923155465,80.6962099803397,3,"Arctic_5.1",2,"Arctic"
"6",19.4313580945531,81.1243016612879,1,"Arctic_6.1",2,"Arctic"
"6",18.3877367812602,80.8805887868999,2,"Arctic_6.1",2,"Arctic"
"6",17.7490931420622,80.6559442920264,3,"Arctic_6.1",2,"Arctic"
"6",17.349206826758,80.471973819991,4,"Arctic_6.1",2,"Arctic"
"6",17.215918948816,80.2702262275944,5,"Arctic_6.1",2,"Arctic"
"7",70.3039932676182,79.8124580775308,1,"Arctic_7.1",2,"Arctic"
"7",67.2961740671583,79.6201344900312,2,"Arctic_7.1",2,"Arctic"
"7",65.744038581476,79.4710560326258,3,"Arctic_7.1",2,"Arctic"
"7",64.4265353269545,79.4012490134676,4,"Arctic_7.1",2,"Arctic"
"7",63.1444313644961,79.3762223901196,5,"Arctic_7.1",2,"Arctic"
"7",62.1112497241751,79.3316704898735,6,"Arctic_7.1",2,"Arctic"
"7",59.5522006785046,79.3144339351061,7,"Arctic_7.1",2,"Arctic"
"7",56.9746300267784,79.3179507747234,8,"Arctic_7.1",2,"Arctic"
"7",53.9361998767635,79.270172247477,9,"Arctic_7.1",2,"Arctic"
"7",52.5445911195542,79.2307393769381,10,"Arctic_7.1",2,"Arctic"
"7",50.3392637657756,79.1939242523842,11,"Arctic_7.1",2,"Arctic"
"7",47.5703418895006,79.1476392286354,12,"Arctic_7.1",2,"Arctic"
"7",44.3384474444791,79.0563404384836,13,"Arctic_7.1",2,"Arctic"
"7",39.2587341842813,78.717346390035,14,"Arctic_7.1",2,"Arctic"
"7",29.33028273516,77.0554236657287,15,"Arctic_7.1",2,"Arctic"
"8",26.8054755154046,79.227475439437,1,"Arctic_8.1",2,"Arctic"
"8",25.454874678966,78.996119501374,2,"Arctic_8.1",2,"Arctic"
"8",24.5820518232891,78.5885082109805,3,"Arctic_8.1",2,"Arctic"
"8",25.356294633169,78.142169119103,4,"Arctic_8.1",2,"Arctic"
"8",25.7868831384472,77.8340319700169,5,"Arctic_8.1",2,"Arctic"
"8",25.2150451310064,77.4478228772178,6,"Arctic_8.1",2,"Arctic"
"8",24.0723361088005,77.1984203173169,7,"Arctic_8.1",2,"Arctic"
"8",22.669086722687,77.1271409132929,8,"Arctic_8.1",2,"Arctic"
"8",21.3830043721051,77.0979846560158,9,"Arctic_8.1",2,"Arctic"
"9",37.7834468112562,80.1231749270484,1,"Arctic_9.1",2,"Arctic"
"9",36.3762298750298,79.770729065867,2,"Arctic_9.1",2,"Arctic"
"9",35.1527968506501,79.4918835494547,3,"Arctic_9.1",2,"Arctic"
"9",33.0927693738654,79.0410493903693,4,"Arctic_9.1",2,"Arctic"
"9",32.1054705248643,78.8177818904975,5,"Arctic_9.1",2,"Arctic"
"9",30.4022651940067,78.3473987997271,6,"Arctic_9.1",2,"Arctic"
"9",28.9749309003419,77.9428737941387,7,"Arctic_9.1",2,"Arctic"
"9",27.7784620736837,77.5600452099615,8,"Arctic_9.1",2,"Arctic"
